candidate,nproc_per_node,wallclock_seconds,iterations,warmdown_iters,val_tokens,final_artifacts,returncode,elapsed_s,raw_log,run_id,env_overrides,train_step,val_step,step_avg_ms,train_loss,val_loss,val_bpb,final_export_val_loss,final_export_val_bpb,artifact_model_bytes,artifact_total_bytes,artifact_headroom,peak_alloc_mib,peak_reserved_mib,error_tail
break_best32k_d704e832_control,1,45,1,1,4096,1,0,48.765,train_break_best32k_d704e832_control.txt,break_best32k_d704e832_control_20260430_195930,"ATTN_OUT_GATE_ENABLED=1,ATTN_OUT_GATE_WIDTH=24,DISABLE_COMPILE=1,EFFECTIVE_DEPTH=16,FACTORED_EMBED_DIM=832,FAIL_ON_ARTIFACT_CAP=0,GRAD_ACCUM_STEPS=0,GRAD_CLIP_NORM=1.0,H100_1X_TRAIN_BATCH_TOKENS=32768,H100_1X_VAL_BATCH_SIZE=32768,HRC_DEPTH_ADAPTER_TIE_MODE=block,HRC_DEPTH_SCHEDULE_MODE=transition_recursive_cycle,HRC_FROZEN_CARRY_BLOCKS=,HRC_FROZEN_CARRY_ENABLED=0,HRC_LOOP_INDEX_ENABLED=1,HRC_MLP_ONLY_BLOCKS=4,5,6,7,HRC_PASS_EMBED_ENABLED=1,HRC_PASS_EMBED_MODE=block_peer,HRC_PASS_ROLE_MODE=phase5,HRC_RECURSIVE_CORE_START=3,HRC_RECUR_INJECT_ENABLED=1,HRC_ROUTE_PHASE_ENABLED=0,HRC_ROUTE_REPEATS=2,ITERATIONS=1000000,LOGIT_SOFTCAP=12,LOG_CODE_SNAPSHOT=0,LOG_NVIDIA_SMI=1,LOSS_FP32=1,LQER_ASYM_ENABLED=1,LQER_ASYM_GROUP=64,LQER_ENABLED=1,LQER_EXCLUDE_PATTERNS=tok_emb.weight,lm_head.weight,token_smear,attn_gate_w,attn_out_gate,vocab_moe,dual_stream,LQER_INCLUDE_PATTERNS=blocks.,embed_proj,LQER_RANK=10,LQER_TOP_K=20,LR_MIN_SCALE=0.1,LR_WARMDOWN_STYLE=cosine,MATRIX_LR=0.0016,MAX_WALLCLOCK_SECONDS=600,MLP_MULT=2.0,MODEL_CODEC=lzma,MODEL_CODEC_LEVEL=9,MODEL_DIM=704,MODEL_FAMILY=hrc,MUON_BACKEND_STEPS=5,MUON_DTYPE=fp32,MUON_NS_VARIANT=polar_express,MUON_WEIGHT_DECAY=0.0,MUON_WEIGHT_DECAY_HUBER_DELTA_SCALE=3.0,MUON_WEIGHT_DECAY_MODE=huber,NUM_HEADS=11,NUM_KV_HEADS=1,NUM_UNIQUE_BLOCKS=8,PARALLEL_RESIDUAL_LAST_N=2,PARAM_DTYPE=fp32,POST_STEP_ZERO_GRAD=0,QK_GAIN_INIT=5.5,QUANT_FORCE_PATTERNS=vocab_moe.token_prior.weight,vocab_moe.down,vocab_moe.up,QUANT_INT8_PROMOTE_PATTERNS=tok_emb.weight,lm_head.weight,embed_proj,QUANT_TRAIN_MODE=none,QUANT_WEIGHT_BITS=8,SAVE_RAW_MODEL=0,SCALAR_LR=0.0016,SDP_BACKEND=auto,SKIP_FINAL_ARTIFACTS=0,SKIP_INITIAL_VAL=1,SMEAR_GATE_ENABLED=1,SMEAR_GATE_WIDTH=12,SUBMISSION_SIZE_CAP_BYTES=16000000,TIED_EMBED_LR=0.002,TRAIN_ABORT_ON_NONFINITE=0,TRAIN_BATCH_TOKENS=524288,TRAIN_DEBUG_NONFINITE=0,TRAIN_FUSED_QKV=1,TRAIN_LOG_EVERY=250,TRAIN_QUANT_EMBEDDINGS=1,TRAIN_QUANT_FORWARD=1,TRAIN_SEQ_LEN=1024,USE_GRAD_SCALER=1,VAL_BATCH_SIZE=524288,VAL_LOSS_EVERY=0,VAL_TOKENS_LIMIT=47872,VOCAB_MOE_ACTIVATION=relu2,VOCAB_MOE_DOWN_INIT_STD=0.02,VOCAB_MOE_ENABLED=1,VOCAB_MOE_EXPERTS=16,VOCAB_MOE_LAYERS=input,loop_first,VOCAB_MOE_MODE=hybrid,VOCAB_MOE_PRIOR_INIT_STD=0,VOCAB_MOE_RANK=2,VOCAB_MOE_SCALE_INIT=0.05,VOCAB_MOE_SITE_BIAS_ENABLED=1,VOCAB_MOE_SITE_SCALE_ENABLED=1,VOCAB_MOE_SITE_SCALE_INIT=1.0,VOCAB_MOE_SPIKE_NORMALIZE=1,VOCAB_MOE_SPIKE_STE=1,VOCAB_MOE_SPIKE_TOP_K=0,VOCAB_MOE_TEMPERATURE=1,VOCAB_MOE_TRAIN_QUANT_BITS=8,VOCAB_MOE_UP_INIT_STD=0.001,WARMDOWN_ITERS=2200,WARMUP_STEPS=0",1,1,746.57,9.0148,8.74647999,3.92596958,8.7465,3.926,6884268,7218870,8781130,16767,17966,
break_lexlore_exit_rank4_warm_d704e768,1,45,1,1,4096,1,0,48.686,train_break_lexlore_exit_rank4_warm_d704e768.txt,break_lexlore_exit_rank4_warm_d704e768_20260430_200019,"ATTN_OUT_GATE_ENABLED=1,ATTN_OUT_GATE_WIDTH=24,DISABLE_COMPILE=1,EFFECTIVE_DEPTH=16,FACTORED_EMBED_DIM=768,FAIL_ON_ARTIFACT_CAP=0,GRAD_ACCUM_STEPS=0,GRAD_CLIP_NORM=1.0,H100_1X_TRAIN_BATCH_TOKENS=32768,H100_1X_VAL_BATCH_SIZE=32768,HRC_DEPTH_ADAPTER_TIE_MODE=block,HRC_DEPTH_SCHEDULE_MODE=transition_recursive_cycle,HRC_FROZEN_CARRY_BLOCKS=,HRC_FROZEN_CARRY_ENABLED=0,HRC_LOOP_INDEX_ENABLED=1,HRC_MLP_ONLY_BLOCKS=4,5,6,7,HRC_PASS_EMBED_ENABLED=1,HRC_PASS_EMBED_MODE=block_peer,HRC_PASS_ROLE_MODE=phase5,HRC_RECURSIVE_CORE_START=3,HRC_RECUR_INJECT_ENABLED=1,HRC_ROUTE_PHASE_ENABLED=0,HRC_ROUTE_REPEATS=2,ITERATIONS=1000000,LOGIT_SOFTCAP=12,LOG_CODE_SNAPSHOT=0,LOG_NVIDIA_SMI=1,LOSS_FP32=1,LQER_ASYM_ENABLED=1,LQER_ASYM_GROUP=64,LQER_ENABLED=1,LQER_EXCLUDE_PATTERNS=tok_emb.weight,lm_head.weight,token_smear,attn_gate_w,attn_out_gate,vocab_moe,dual_stream,LQER_INCLUDE_PATTERNS=blocks.,embed_proj,LQER_RANK=10,LQER_TOP_K=20,LR_MIN_SCALE=0.1,LR_WARMDOWN_STYLE=cosine,MATRIX_LR=0.0016,MAX_WALLCLOCK_SECONDS=600,MLP_MULT=2.0,MODEL_CODEC=lzma,MODEL_CODEC_LEVEL=9,MODEL_DIM=704,MODEL_FAMILY=hrc,MUON_BACKEND_STEPS=5,MUON_DTYPE=fp32,MUON_NS_VARIANT=polar_express,MUON_WEIGHT_DECAY=0.0,MUON_WEIGHT_DECAY_HUBER_DELTA_SCALE=3.0,MUON_WEIGHT_DECAY_MODE=huber,NUM_HEADS=11,NUM_KV_HEADS=1,NUM_UNIQUE_BLOCKS=8,PARALLEL_RESIDUAL_LAST_N=2,PARAM_DTYPE=fp32,POST_STEP_ZERO_GRAD=0,QK_GAIN_INIT=5.5,QUANT_FORCE_PATTERNS=vocab_moe.token_prior.weight,vocab_moe.down,vocab_moe.up,QUANT_INT8_PROMOTE_PATTERNS=tok_emb.weight,lm_head.weight,embed_proj,QUANT_TRAIN_MODE=none,QUANT_WEIGHT_BITS=8,SAVE_RAW_MODEL=0,SCALAR_LR=0.0016,SDP_BACKEND=auto,SKIP_FINAL_ARTIFACTS=0,SKIP_INITIAL_VAL=1,SMEAR_GATE_ENABLED=1,SMEAR_GATE_WIDTH=12,SUBMISSION_SIZE_CAP_BYTES=16000000,TIED_EMBED_LR=0.002,TRAIN_ABORT_ON_NONFINITE=0,TRAIN_BATCH_TOKENS=524288,TRAIN_DEBUG_NONFINITE=0,TRAIN_FUSED_QKV=1,TRAIN_LOG_EVERY=250,TRAIN_QUANT_EMBEDDINGS=1,TRAIN_QUANT_FORWARD=1,TRAIN_SEQ_LEN=1024,USE_GRAD_SCALER=1,VAL_BATCH_SIZE=524288,VAL_LOSS_EVERY=0,VAL_TOKENS_LIMIT=47872,VOCAB_MOE_ACTIVATION=relu2,VOCAB_MOE_DOWN_INIT_STD=0.02,VOCAB_MOE_ENABLED=1,VOCAB_MOE_EXPERTS=16,VOCAB_MOE_LAYERS=input,loop_first,loop_last,VOCAB_MOE_MODE=hybrid,VOCAB_MOE_PRIOR_INIT_STD=0.01,VOCAB_MOE_RANK=4,VOCAB_MOE_SCALE_INIT=0.08,VOCAB_MOE_SITE_BIAS_ENABLED=1,VOCAB_MOE_SITE_SCALE_ENABLED=1,VOCAB_MOE_SITE_SCALE_INIT=1.0,VOCAB_MOE_SPIKE_NORMALIZE=1,VOCAB_MOE_SPIKE_STE=1,VOCAB_MOE_SPIKE_TOP_K=0,VOCAB_MOE_TEMPERATURE=1,VOCAB_MOE_TRAIN_QUANT_BITS=8,VOCAB_MOE_UP_INIT_STD=0.001,WARMDOWN_ITERS=2200,WARMUP_STEPS=0",1,1,754.22,9.0147,8.76202965,3.93294924,8.762,3.9329,6786020,7120622,8879378,16911,18104,
break_lexlore_spike32_top4_exit_d704e768,1,45,1,1,4096,1,0,50.051,train_break_lexlore_spike32_top4_exit_d704e768.txt,break_lexlore_spike32_top4_exit_d704e768_20260430_200108,"ATTN_OUT_GATE_ENABLED=1,ATTN_OUT_GATE_WIDTH=24,DISABLE_COMPILE=1,EFFECTIVE_DEPTH=16,FACTORED_EMBED_DIM=768,FAIL_ON_ARTIFACT_CAP=0,GRAD_ACCUM_STEPS=0,GRAD_CLIP_NORM=1.0,H100_1X_TRAIN_BATCH_TOKENS=32768,H100_1X_VAL_BATCH_SIZE=32768,HRC_DEPTH_ADAPTER_TIE_MODE=block,HRC_DEPTH_SCHEDULE_MODE=transition_recursive_cycle,HRC_FROZEN_CARRY_BLOCKS=,HRC_FROZEN_CARRY_ENABLED=0,HRC_LOOP_INDEX_ENABLED=1,HRC_MLP_ONLY_BLOCKS=4,5,6,7,HRC_PASS_EMBED_ENABLED=1,HRC_PASS_EMBED_MODE=block_peer,HRC_PASS_ROLE_MODE=phase5,HRC_RECURSIVE_CORE_START=3,HRC_RECUR_INJECT_ENABLED=1,HRC_ROUTE_PHASE_ENABLED=0,HRC_ROUTE_REPEATS=2,ITERATIONS=1000000,LOGIT_SOFTCAP=12,LOG_CODE_SNAPSHOT=0,LOG_NVIDIA_SMI=1,LOSS_FP32=1,LQER_ASYM_ENABLED=1,LQER_ASYM_GROUP=64,LQER_ENABLED=1,LQER_EXCLUDE_PATTERNS=tok_emb.weight,lm_head.weight,token_smear,attn_gate_w,attn_out_gate,vocab_moe,dual_stream,LQER_INCLUDE_PATTERNS=blocks.,embed_proj,LQER_RANK=10,LQER_TOP_K=20,LR_MIN_SCALE=0.1,LR_WARMDOWN_STYLE=cosine,MATRIX_LR=0.0016,MAX_WALLCLOCK_SECONDS=600,MLP_MULT=2.0,MODEL_CODEC=lzma,MODEL_CODEC_LEVEL=9,MODEL_DIM=704,MODEL_FAMILY=hrc,MUON_BACKEND_STEPS=5,MUON_DTYPE=fp32,MUON_NS_VARIANT=polar_express,MUON_WEIGHT_DECAY=0.0,MUON_WEIGHT_DECAY_HUBER_DELTA_SCALE=3.0,MUON_WEIGHT_DECAY_MODE=huber,NUM_HEADS=11,NUM_KV_HEADS=1,NUM_UNIQUE_BLOCKS=8,PARALLEL_RESIDUAL_LAST_N=2,PARAM_DTYPE=fp32,POST_STEP_ZERO_GRAD=0,QK_GAIN_INIT=5.5,QUANT_FORCE_PATTERNS=vocab_moe.token_prior.weight,vocab_moe.down,vocab_moe.up,QUANT_INT8_PROMOTE_PATTERNS=tok_emb.weight,lm_head.weight,embed_proj,QUANT_TRAIN_MODE=none,QUANT_WEIGHT_BITS=8,SAVE_RAW_MODEL=0,SCALAR_LR=0.0016,SDP_BACKEND=auto,SKIP_FINAL_ARTIFACTS=0,SKIP_INITIAL_VAL=1,SMEAR_GATE_ENABLED=1,SMEAR_GATE_WIDTH=12,SUBMISSION_SIZE_CAP_BYTES=16000000,TIED_EMBED_LR=0.002,TRAIN_ABORT_ON_NONFINITE=0,TRAIN_BATCH_TOKENS=524288,TRAIN_DEBUG_NONFINITE=0,TRAIN_FUSED_QKV=1,TRAIN_LOG_EVERY=250,TRAIN_QUANT_EMBEDDINGS=1,TRAIN_QUANT_FORWARD=1,TRAIN_SEQ_LEN=1024,USE_GRAD_SCALER=1,VAL_BATCH_SIZE=524288,VAL_LOSS_EVERY=0,VAL_TOKENS_LIMIT=47872,VOCAB_MOE_ACTIVATION=relu2,VOCAB_MOE_DOWN_INIT_STD=0.02,VOCAB_MOE_ENABLED=1,VOCAB_MOE_EXPERTS=32,VOCAB_MOE_LAYERS=input,loop_first,loop_last,VOCAB_MOE_MODE=hybrid,VOCAB_MOE_PRIOR_INIT_STD=0.01,VOCAB_MOE_RANK=2,VOCAB_MOE_SCALE_INIT=0.08,VOCAB_MOE_SITE_BIAS_ENABLED=1,VOCAB_MOE_SITE_SCALE_ENABLED=1,VOCAB_MOE_SITE_SCALE_INIT=1.0,VOCAB_MOE_SPIKE_NORMALIZE=1,VOCAB_MOE_SPIKE_STE=1,VOCAB_MOE_SPIKE_TOP_K=4,VOCAB_MOE_TEMPERATURE=1,VOCAB_MOE_TRAIN_QUANT_BITS=8,VOCAB_MOE_UP_INIT_STD=0.001,WARMDOWN_ITERS=2200,WARMUP_STEPS=0",1,1,787.05,9.0173,8.76167679,3.93279086,8.7617,3.9328,6751592,7086194,8913806,16941,18116,
break_coreattn2_d704e768,1,45,1,1,4096,1,0,50.563,train_break_coreattn2_d704e768.txt,break_coreattn2_d704e768_20260430_200158,"ATTN_OUT_GATE_ENABLED=1,ATTN_OUT_GATE_WIDTH=24,DISABLE_COMPILE=1,EFFECTIVE_DEPTH=16,FACTORED_EMBED_DIM=768,FAIL_ON_ARTIFACT_CAP=0,GRAD_ACCUM_STEPS=0,GRAD_CLIP_NORM=1.0,H100_1X_TRAIN_BATCH_TOKENS=32768,H100_1X_VAL_BATCH_SIZE=32768,HRC_DEPTH_ADAPTER_TIE_MODE=block,HRC_DEPTH_SCHEDULE_MODE=transition_recursive_cycle,HRC_FROZEN_CARRY_BLOCKS=,HRC_FROZEN_CARRY_ENABLED=0,HRC_LOOP_INDEX_ENABLED=1,HRC_MLP_ONLY_BLOCKS=5,6,7,HRC_PASS_EMBED_ENABLED=1,HRC_PASS_EMBED_MODE=block_peer,HRC_PASS_ROLE_MODE=phase5,HRC_RECURSIVE_CORE_START=3,HRC_RECUR_INJECT_ENABLED=1,HRC_ROUTE_PHASE_ENABLED=0,HRC_ROUTE_REPEATS=2,ITERATIONS=1000000,LOGIT_SOFTCAP=12,LOG_CODE_SNAPSHOT=0,LOG_NVIDIA_SMI=1,LOSS_FP32=1,LQER_ASYM_ENABLED=1,LQER_ASYM_GROUP=64,LQER_ENABLED=1,LQER_EXCLUDE_PATTERNS=tok_emb.weight,lm_head.weight,token_smear,attn_gate_w,attn_out_gate,vocab_moe,dual_stream,LQER_INCLUDE_PATTERNS=blocks.,embed_proj,LQER_RANK=10,LQER_TOP_K=20,LR_MIN_SCALE=0.1,LR_WARMDOWN_STYLE=cosine,MATRIX_LR=0.0016,MAX_WALLCLOCK_SECONDS=600,MLP_MULT=2.0,MODEL_CODEC=lzma,MODEL_CODEC_LEVEL=9,MODEL_DIM=704,MODEL_FAMILY=hrc,MUON_BACKEND_STEPS=5,MUON_DTYPE=fp32,MUON_NS_VARIANT=polar_express,MUON_WEIGHT_DECAY=0.0,MUON_WEIGHT_DECAY_HUBER_DELTA_SCALE=3.0,MUON_WEIGHT_DECAY_MODE=huber,NUM_HEADS=11,NUM_KV_HEADS=1,NUM_UNIQUE_BLOCKS=8,PARALLEL_RESIDUAL_LAST_N=2,PARAM_DTYPE=fp32,POST_STEP_ZERO_GRAD=0,QK_GAIN_INIT=5.5,QUANT_FORCE_PATTERNS=vocab_moe.token_prior.weight,vocab_moe.down,vocab_moe.up,QUANT_INT8_PROMOTE_PATTERNS=tok_emb.weight,lm_head.weight,embed_proj,QUANT_TRAIN_MODE=none,QUANT_WEIGHT_BITS=8,SAVE_RAW_MODEL=0,SCALAR_LR=0.0016,SDP_BACKEND=auto,SKIP_FINAL_ARTIFACTS=0,SKIP_INITIAL_VAL=1,SMEAR_GATE_ENABLED=1,SMEAR_GATE_WIDTH=12,SUBMISSION_SIZE_CAP_BYTES=16000000,TIED_EMBED_LR=0.002,TRAIN_ABORT_ON_NONFINITE=0,TRAIN_BATCH_TOKENS=524288,TRAIN_DEBUG_NONFINITE=0,TRAIN_FUSED_QKV=1,TRAIN_LOG_EVERY=250,TRAIN_QUANT_EMBEDDINGS=1,TRAIN_QUANT_FORWARD=1,TRAIN_SEQ_LEN=1024,USE_GRAD_SCALER=1,VAL_BATCH_SIZE=524288,VAL_LOSS_EVERY=0,VAL_TOKENS_LIMIT=47872,VOCAB_MOE_ACTIVATION=relu2,VOCAB_MOE_DOWN_INIT_STD=0.02,VOCAB_MOE_ENABLED=1,VOCAB_MOE_EXPERTS=16,VOCAB_MOE_LAYERS=input,loop_first,VOCAB_MOE_MODE=hybrid,VOCAB_MOE_PRIOR_INIT_STD=0,VOCAB_MOE_RANK=2,VOCAB_MOE_SCALE_INIT=0.05,VOCAB_MOE_SITE_BIAS_ENABLED=1,VOCAB_MOE_SITE_SCALE_ENABLED=1,VOCAB_MOE_SITE_SCALE_INIT=1.0,VOCAB_MOE_SPIKE_NORMALIZE=1,VOCAB_MOE_SPIKE_STE=1,VOCAB_MOE_SPIKE_TOP_K=0,VOCAB_MOE_TEMPERATURE=1,VOCAB_MOE_TRAIN_QUANT_BITS=8,VOCAB_MOE_UP_INIT_STD=0.001,WARMDOWN_ITERS=2200,WARMUP_STEPS=0",1,1,787.31,9.016,8.75981426,3.93195484,8.7598,3.932,6900092,7234694,8765306,17416,18600,
break_coreattn_all_d640e768,1,45,1,1,4096,1,0,48.724,train_break_coreattn_all_d640e768.txt,break_coreattn_all_d640e768_20260430_200248,"ATTN_OUT_GATE_ENABLED=1,ATTN_OUT_GATE_WIDTH=24,DISABLE_COMPILE=1,EFFECTIVE_DEPTH=16,FACTORED_EMBED_DIM=768,FAIL_ON_ARTIFACT_CAP=0,GRAD_ACCUM_STEPS=0,GRAD_CLIP_NORM=1.0,H100_1X_TRAIN_BATCH_TOKENS=32768,H100_1X_VAL_BATCH_SIZE=32768,HRC_DEPTH_ADAPTER_TIE_MODE=block,HRC_DEPTH_SCHEDULE_MODE=transition_recursive_cycle,HRC_FROZEN_CARRY_BLOCKS=,HRC_FROZEN_CARRY_ENABLED=0,HRC_LOOP_INDEX_ENABLED=1,HRC_MLP_ONLY_BLOCKS=,HRC_PASS_EMBED_ENABLED=1,HRC_PASS_EMBED_MODE=block_peer,HRC_PASS_ROLE_MODE=phase5,HRC_RECURSIVE_CORE_START=3,HRC_RECUR_INJECT_ENABLED=1,HRC_ROUTE_PHASE_ENABLED=0,HRC_ROUTE_REPEATS=2,ITERATIONS=1000000,LOGIT_SOFTCAP=12,LOG_CODE_SNAPSHOT=0,LOG_NVIDIA_SMI=1,LOSS_FP32=1,LQER_ASYM_ENABLED=1,LQER_ASYM_GROUP=64,LQER_ENABLED=1,LQER_EXCLUDE_PATTERNS=tok_emb.weight,lm_head.weight,token_smear,attn_gate_w,attn_out_gate,vocab_moe,dual_stream,LQER_INCLUDE_PATTERNS=blocks.,embed_proj,LQER_RANK=10,LQER_TOP_K=20,LR_MIN_SCALE=0.1,LR_WARMDOWN_STYLE=cosine,MATRIX_LR=0.0016,MAX_WALLCLOCK_SECONDS=600,MLP_MULT=2.0,MODEL_CODEC=lzma,MODEL_CODEC_LEVEL=9,MODEL_DIM=640,MODEL_FAMILY=hrc,MUON_BACKEND_STEPS=5,MUON_DTYPE=fp32,MUON_NS_VARIANT=polar_express,MUON_WEIGHT_DECAY=0.0,MUON_WEIGHT_DECAY_HUBER_DELTA_SCALE=3.0,MUON_WEIGHT_DECAY_MODE=huber,NUM_HEADS=10,NUM_KV_HEADS=1,NUM_UNIQUE_BLOCKS=8,PARALLEL_RESIDUAL_LAST_N=2,PARAM_DTYPE=fp32,POST_STEP_ZERO_GRAD=0,QK_GAIN_INIT=5.5,QUANT_FORCE_PATTERNS=vocab_moe.token_prior.weight,vocab_moe.down,vocab_moe.up,QUANT_INT8_PROMOTE_PATTERNS=tok_emb.weight,lm_head.weight,embed_proj,QUANT_TRAIN_MODE=none,QUANT_WEIGHT_BITS=8,SAVE_RAW_MODEL=0,SCALAR_LR=0.0016,SDP_BACKEND=auto,SKIP_FINAL_ARTIFACTS=0,SKIP_INITIAL_VAL=1,SMEAR_GATE_ENABLED=1,SMEAR_GATE_WIDTH=12,SUBMISSION_SIZE_CAP_BYTES=16000000,TIED_EMBED_LR=0.002,TRAIN_ABORT_ON_NONFINITE=0,TRAIN_BATCH_TOKENS=524288,TRAIN_DEBUG_NONFINITE=0,TRAIN_FUSED_QKV=1,TRAIN_LOG_EVERY=250,TRAIN_QUANT_EMBEDDINGS=1,TRAIN_QUANT_FORWARD=1,TRAIN_SEQ_LEN=1024,USE_GRAD_SCALER=1,VAL_BATCH_SIZE=524288,VAL_LOSS_EVERY=0,VAL_TOKENS_LIMIT=47872,VOCAB_MOE_ACTIVATION=relu2,VOCAB_MOE_DOWN_INIT_STD=0.02,VOCAB_MOE_ENABLED=1,VOCAB_MOE_EXPERTS=16,VOCAB_MOE_LAYERS=input,loop_first,VOCAB_MOE_MODE=hybrid,VOCAB_MOE_PRIOR_INIT_STD=0,VOCAB_MOE_RANK=2,VOCAB_MOE_SCALE_INIT=0.05,VOCAB_MOE_SITE_BIAS_ENABLED=1,VOCAB_MOE_SITE_SCALE_ENABLED=1,VOCAB_MOE_SITE_SCALE_INIT=1.0,VOCAB_MOE_SPIKE_NORMALIZE=1,VOCAB_MOE_SPIKE_STE=1,VOCAB_MOE_SPIKE_TOP_K=0,VOCAB_MOE_TEMPERATURE=1,VOCAB_MOE_TRAIN_QUANT_BITS=8,VOCAB_MOE_UP_INIT_STD=0.001,WARMDOWN_ITERS=2200,WARMUP_STEPS=0",1,1,863.52,9.0248,8.76277351,3.93328314,8.7628,3.9333,6736860,7071462,8928538,18292,19462,
break_i3l7r2_unique_loop_d640e768,1,45,1,1,4096,1,0,55.268,train_break_i3l7r2_unique_loop_d640e768.txt,break_i3l7r2_unique_loop_d640e768_20260430_200337,"ATTN_OUT_GATE_ENABLED=1,ATTN_OUT_GATE_WIDTH=24,DISABLE_COMPILE=1,EFFECTIVE_DEPTH=20,FACTORED_EMBED_DIM=768,FAIL_ON_ARTIFACT_CAP=0,GRAD_ACCUM_STEPS=0,GRAD_CLIP_NORM=1.0,H100_1X_TRAIN_BATCH_TOKENS=32768,H100_1X_VAL_BATCH_SIZE=32768,HRC_DEPTH_ADAPTER_TIE_MODE=block,HRC_DEPTH_SCHEDULE_MODE=transition_recursive_cycle,HRC_FROZEN_CARRY_BLOCKS=,HRC_FROZEN_CARRY_ENABLED=0,HRC_LOOP_INDEX_ENABLED=1,HRC_MLP_ONLY_BLOCKS=4,5,6,7,8,9,HRC_PASS_EMBED_ENABLED=1,HRC_PASS_EMBED_MODE=block_peer,HRC_PASS_ROLE_MODE=phase5,HRC_RECURSIVE_CORE_START=3,HRC_RECUR_INJECT_ENABLED=1,HRC_ROUTE_PHASE_ENABLED=0,HRC_ROUTE_REPEATS=2,ITERATIONS=1000000,LOGIT_SOFTCAP=12,LOG_CODE_SNAPSHOT=0,LOG_NVIDIA_SMI=1,LOSS_FP32=1,LQER_ASYM_ENABLED=1,LQER_ASYM_GROUP=64,LQER_ENABLED=1,LQER_EXCLUDE_PATTERNS=tok_emb.weight,lm_head.weight,token_smear,attn_gate_w,attn_out_gate,vocab_moe,dual_stream,LQER_INCLUDE_PATTERNS=blocks.,embed_proj,LQER_RANK=10,LQER_TOP_K=20,LR_MIN_SCALE=0.1,LR_WARMDOWN_STYLE=cosine,MATRIX_LR=0.0016,MAX_WALLCLOCK_SECONDS=600,MLP_MULT=2.0,MODEL_CODEC=lzma,MODEL_CODEC_LEVEL=9,MODEL_DIM=640,MODEL_FAMILY=hrc,MUON_BACKEND_STEPS=5,MUON_DTYPE=fp32,MUON_NS_VARIANT=polar_express,MUON_WEIGHT_DECAY=0.0,MUON_WEIGHT_DECAY_HUBER_DELTA_SCALE=3.0,MUON_WEIGHT_DECAY_MODE=huber,NUM_HEADS=10,NUM_KV_HEADS=1,NUM_UNIQUE_BLOCKS=10,PARALLEL_RESIDUAL_LAST_N=2,PARAM_DTYPE=fp32,POST_STEP_ZERO_GRAD=0,QK_GAIN_INIT=5.5,QUANT_FORCE_PATTERNS=vocab_moe.token_prior.weight,vocab_moe.down,vocab_moe.up,QUANT_INT8_PROMOTE_PATTERNS=tok_emb.weight,lm_head.weight,embed_proj,QUANT_TRAIN_MODE=none,QUANT_WEIGHT_BITS=8,SAVE_RAW_MODEL=0,SCALAR_LR=0.0016,SDP_BACKEND=auto,SKIP_FINAL_ARTIFACTS=0,SKIP_INITIAL_VAL=1,SMEAR_GATE_ENABLED=1,SMEAR_GATE_WIDTH=12,SUBMISSION_SIZE_CAP_BYTES=16000000,TIED_EMBED_LR=0.002,TRAIN_ABORT_ON_NONFINITE=0,TRAIN_BATCH_TOKENS=524288,TRAIN_DEBUG_NONFINITE=0,TRAIN_FUSED_QKV=1,TRAIN_LOG_EVERY=250,TRAIN_QUANT_EMBEDDINGS=1,TRAIN_QUANT_FORWARD=1,TRAIN_SEQ_LEN=1024,USE_GRAD_SCALER=1,VAL_BATCH_SIZE=524288,VAL_LOSS_EVERY=0,VAL_TOKENS_LIMIT=47872,VOCAB_MOE_ACTIVATION=relu2,VOCAB_MOE_DOWN_INIT_STD=0.02,VOCAB_MOE_ENABLED=1,VOCAB_MOE_EXPERTS=16,VOCAB_MOE_LAYERS=input,loop_first,VOCAB_MOE_MODE=hybrid,VOCAB_MOE_PRIOR_INIT_STD=0,VOCAB_MOE_RANK=2,VOCAB_MOE_SCALE_INIT=0.05,VOCAB_MOE_SITE_BIAS_ENABLED=1,VOCAB_MOE_SITE_SCALE_ENABLED=1,VOCAB_MOE_SITE_SCALE_INIT=1.0,VOCAB_MOE_SPIKE_NORMALIZE=1,VOCAB_MOE_SPIKE_STE=1,VOCAB_MOE_SPIKE_TOP_K=0,VOCAB_MOE_TEMPERATURE=1,VOCAB_MOE_TRAIN_QUANT_BITS=8,VOCAB_MOE_UP_INIT_STD=0.001,WARMDOWN_ITERS=2200,WARMUP_STEPS=0",1,1,778.54,9.0178,8.76215935,3.93300746,8.7622,3.933,6603540,6938142,9061858,17757,18944,
break_partial_tail_cycle_lidx_d704e768,1,45,1,1,4096,1,0,49.447,train_break_partial_tail_cycle_lidx_d704e768.txt,break_partial_tail_cycle_lidx_d704e768_20260430_200433,"ATTN_OUT_GATE_ENABLED=1,ATTN_OUT_GATE_WIDTH=24,DISABLE_COMPILE=1,EFFECTIVE_DEPTH=19,FACTORED_EMBED_DIM=768,FAIL_ON_ARTIFACT_CAP=0,GRAD_ACCUM_STEPS=0,GRAD_CLIP_NORM=1.0,H100_1X_TRAIN_BATCH_TOKENS=32768,H100_1X_VAL_BATCH_SIZE=32768,HRC_DEPTH_ADAPTER_TIE_MODE=block,HRC_DEPTH_SCHEDULE_MODE=transition_tail3_cycle,HRC_FROZEN_CARRY_BLOCKS=,HRC_FROZEN_CARRY_ENABLED=0,HRC_LOOP_INDEX_DIM=64,HRC_LOOP_INDEX_ENABLED=1,HRC_LOOP_INDEX_SCALE_INIT=0.02,HRC_MLP_ONLY_BLOCKS=4,5,6,7,HRC_PASS_EMBED_ENABLED=1,HRC_PASS_EMBED_MODE=block_peer,HRC_PASS_ROLE_MODE=phase5,HRC_RECURSIVE_CORE_START=3,HRC_RECUR_INJECT_ENABLED=1,HRC_ROUTE_PHASE_ENABLED=0,HRC_ROUTE_REPEATS=2,ITERATIONS=1000000,LOGIT_SOFTCAP=12,LOG_CODE_SNAPSHOT=0,LOG_NVIDIA_SMI=1,LOSS_FP32=1,LQER_ASYM_ENABLED=1,LQER_ASYM_GROUP=64,LQER_ENABLED=1,LQER_EXCLUDE_PATTERNS=tok_emb.weight,lm_head.weight,token_smear,attn_gate_w,attn_out_gate,vocab_moe,dual_stream,LQER_INCLUDE_PATTERNS=blocks.,embed_proj,LQER_RANK=10,LQER_TOP_K=20,LR_MIN_SCALE=0.1,LR_WARMDOWN_STYLE=cosine,MATRIX_LR=0.0016,MAX_WALLCLOCK_SECONDS=600,MLP_MULT=2.0,MODEL_CODEC=lzma,MODEL_CODEC_LEVEL=9,MODEL_DIM=704,MODEL_FAMILY=hrc,MUON_BACKEND_STEPS=5,MUON_DTYPE=fp32,MUON_NS_VARIANT=polar_express,MUON_WEIGHT_DECAY=0.0,MUON_WEIGHT_DECAY_HUBER_DELTA_SCALE=3.0,MUON_WEIGHT_DECAY_MODE=huber,NUM_HEADS=11,NUM_KV_HEADS=1,NUM_UNIQUE_BLOCKS=8,PARALLEL_RESIDUAL_LAST_N=2,PARAM_DTYPE=fp32,POST_STEP_ZERO_GRAD=0,QK_GAIN_INIT=5.5,QUANT_FORCE_PATTERNS=vocab_moe.token_prior.weight,vocab_moe.down,vocab_moe.up,QUANT_INT8_PROMOTE_PATTERNS=tok_emb.weight,lm_head.weight,embed_proj,QUANT_TRAIN_MODE=none,QUANT_WEIGHT_BITS=8,SAVE_RAW_MODEL=0,SCALAR_LR=0.0016,SDP_BACKEND=auto,SKIP_FINAL_ARTIFACTS=0,SKIP_INITIAL_VAL=1,SMEAR_GATE_ENABLED=1,SMEAR_GATE_WIDTH=12,SUBMISSION_SIZE_CAP_BYTES=16000000,TIED_EMBED_LR=0.002,TRAIN_ABORT_ON_NONFINITE=0,TRAIN_BATCH_TOKENS=524288,TRAIN_DEBUG_NONFINITE=0,TRAIN_FUSED_QKV=1,TRAIN_LOG_EVERY=250,TRAIN_QUANT_EMBEDDINGS=1,TRAIN_QUANT_FORWARD=1,TRAIN_SEQ_LEN=1024,USE_GRAD_SCALER=1,VAL_BATCH_SIZE=524288,VAL_LOSS_EVERY=0,VAL_TOKENS_LIMIT=47872,VOCAB_MOE_ACTIVATION=relu2,VOCAB_MOE_DOWN_INIT_STD=0.02,VOCAB_MOE_ENABLED=1,VOCAB_MOE_EXPERTS=16,VOCAB_MOE_LAYERS=input,loop_first,VOCAB_MOE_MODE=hybrid,VOCAB_MOE_PRIOR_INIT_STD=0,VOCAB_MOE_RANK=2,VOCAB_MOE_SCALE_INIT=0.05,VOCAB_MOE_SITE_BIAS_ENABLED=1,VOCAB_MOE_SITE_SCALE_ENABLED=1,VOCAB_MOE_SITE_SCALE_INIT=1.0,VOCAB_MOE_SPIKE_NORMALIZE=1,VOCAB_MOE_SPIKE_STE=1,VOCAB_MOE_SPIKE_TOP_K=0,VOCAB_MOE_TEMPERATURE=1,VOCAB_MOE_TRAIN_QUANT_BITS=8,VOCAB_MOE_UP_INIT_STD=0.001,WARMDOWN_ITERS=2200,WARMUP_STEPS=0",1,1,765.06,9.0096,8.74986839,3.92749051,8.7499,3.9275,6657204,6991806,9008194,18604,19786,
break_prime_skip_superloop_d640e768,1,45,1,1,4096,1,0,44.88,train_break_prime_skip_superloop_d640e768.txt,break_prime_skip_superloop_d640e768_20260430_200522,"ATTN_OUT_GATE_ENABLED=1,ATTN_OUT_GATE_WIDTH=24,DISABLE_COMPILE=1,EFFECTIVE_DEPTH=16,FACTORED_EMBED_DIM=768,FAIL_ON_ARTIFACT_CAP=0,GRAD_ACCUM_STEPS=0,GRAD_CLIP_NORM=1.0,H100_1X_TRAIN_BATCH_TOKENS=32768,H100_1X_VAL_BATCH_SIZE=32768,HRC_DEPTH_ADAPTER_TIE_MODE=block,HRC_DEPTH_SCHEDULE_MODE=prime_skip_superloop,HRC_FROZEN_CARRY_BLOCKS=,HRC_FROZEN_CARRY_ENABLED=0,HRC_LOOP_INDEX_DIM=64,HRC_LOOP_INDEX_ENABLED=1,HRC_LOOP_INDEX_SCALE_INIT=0.02,HRC_MLP_ONLY_BLOCKS=4,5,6,7,HRC_PASS_EMBED_ENABLED=1,HRC_PASS_EMBED_MODE=block_peer,HRC_PASS_ROLE_MODE=phase5,HRC_RECURSIVE_CORE_START=3,HRC_RECUR_INJECT_ENABLED=1,HRC_ROUTE_PHASE_ENABLED=1,HRC_ROUTE_REPEATS=1,HRC_SUPERLOOP_SKIP_SCHEDULE=0,1,ITERATIONS=1000000,LOGIT_SOFTCAP=12,LOG_CODE_SNAPSHOT=0,LOG_NVIDIA_SMI=1,LOSS_FP32=1,LQER_ASYM_ENABLED=1,LQER_ASYM_GROUP=64,LQER_ENABLED=1,LQER_EXCLUDE_PATTERNS=tok_emb.weight,lm_head.weight,token_smear,attn_gate_w,attn_out_gate,vocab_moe,dual_stream,LQER_INCLUDE_PATTERNS=blocks.,embed_proj,LQER_RANK=10,LQER_TOP_K=20,LR_MIN_SCALE=0.1,LR_WARMDOWN_STYLE=cosine,MATRIX_LR=0.0016,MAX_WALLCLOCK_SECONDS=600,MLP_MULT=2.0,MODEL_CODEC=lzma,MODEL_CODEC_LEVEL=9,MODEL_DIM=640,MODEL_FAMILY=hrc,MUON_BACKEND_STEPS=5,MUON_DTYPE=fp32,MUON_NS_VARIANT=polar_express,MUON_WEIGHT_DECAY=0.0,MUON_WEIGHT_DECAY_HUBER_DELTA_SCALE=3.0,MUON_WEIGHT_DECAY_MODE=huber,NUM_HEADS=10,NUM_KV_HEADS=1,NUM_UNIQUE_BLOCKS=8,PARALLEL_RESIDUAL_LAST_N=2,PARAM_DTYPE=fp32,POST_STEP_ZERO_GRAD=0,QK_GAIN_INIT=5.5,QUANT_FORCE_PATTERNS=vocab_moe.token_prior.weight,vocab_moe.down,vocab_moe.up,QUANT_INT8_PROMOTE_PATTERNS=tok_emb.weight,lm_head.weight,embed_proj,QUANT_TRAIN_MODE=none,QUANT_WEIGHT_BITS=8,SAVE_RAW_MODEL=0,SCALAR_LR=0.0016,SDP_BACKEND=auto,SKIP_FINAL_ARTIFACTS=0,SKIP_INITIAL_VAL=1,SMEAR_GATE_ENABLED=1,SMEAR_GATE_WIDTH=12,SUBMISSION_SIZE_CAP_BYTES=16000000,TIED_EMBED_LR=0.002,TRAIN_ABORT_ON_NONFINITE=0,TRAIN_BATCH_TOKENS=524288,TRAIN_DEBUG_NONFINITE=0,TRAIN_FUSED_QKV=1,TRAIN_LOG_EVERY=250,TRAIN_QUANT_EMBEDDINGS=1,TRAIN_QUANT_FORWARD=1,TRAIN_SEQ_LEN=1024,USE_GRAD_SCALER=1,VAL_BATCH_SIZE=524288,VAL_LOSS_EVERY=0,VAL_TOKENS_LIMIT=47872,VOCAB_MOE_ACTIVATION=relu2,VOCAB_MOE_DOWN_INIT_STD=0.02,VOCAB_MOE_ENABLED=1,VOCAB_MOE_EXPERTS=16,VOCAB_MOE_LAYERS=input,loop_first,VOCAB_MOE_MODE=hybrid,VOCAB_MOE_PRIOR_INIT_STD=0,VOCAB_MOE_RANK=2,VOCAB_MOE_SCALE_INIT=0.05,VOCAB_MOE_SITE_BIAS_ENABLED=1,VOCAB_MOE_SITE_SCALE_ENABLED=1,VOCAB_MOE_SITE_SCALE_INIT=1.0,VOCAB_MOE_SPIKE_NORMALIZE=1,VOCAB_MOE_SPIKE_STE=1,VOCAB_MOE_SPIKE_TOP_K=0,VOCAB_MOE_TEMPERATURE=1,VOCAB_MOE_TRAIN_QUANT_BITS=8,VOCAB_MOE_UP_INIT_STD=0.001,WARMDOWN_ITERS=2200,WARMUP_STEPS=0",1,1,722.49,9.0157,8.7540493,3.92936716,8.754,3.9294,5865764,6200366,9799634,15564,16754,
break_precision_width_q16q8q8_d704e704,1,45,1,1,4096,1,1,10.45,train_break_precision_width_q16q8q8_d704e704.txt,break_precision_width_q16q8q8_d704e704_20260430_200607,"ATTN_OUT_GATE_ENABLED=1,ATTN_OUT_GATE_WIDTH=24,BASIS_XSA_ENABLED=0,DEPTH_LORA_RANK=0,DISABLE_COMPILE=1,EFFECTIVE_DEPTH=16,FACTORED_EMBED_DIM=704,FAIL_ON_ARTIFACT_CAP=0,GRAD_ACCUM_STEPS=0,GRAD_CLIP_NORM=1.0,H100_1X_TRAIN_BATCH_TOKENS=32768,H100_1X_VAL_BATCH_SIZE=32768,HRC_DEPTH_ADAPTER_TIE_MODE=block,HRC_DEPTH_SCHEDULE_MODE=transition_recursive_cycle,HRC_FROZEN_CARRY_BLOCKS=,HRC_FROZEN_CARRY_ENABLED=0,HRC_LOOP_INDEX_ENABLED=1,HRC_MLP_ONLY_BLOCKS=4,5,6,7,HRC_PASS_EMBED_ENABLED=1,HRC_PASS_EMBED_MODE=block_peer,HRC_PASS_ROLE_MODE=phase5,HRC_RECURSIVE_CORE_START=3,HRC_RECUR_INJECT_ENABLED=1,HRC_ROUTE_PHASE_ENABLED=0,HRC_ROUTE_REPEATS=2,ITERATIONS=1000000,LAYER_WIDTH_SCHEDULE=512,576,640,704,704,704,704,704,LOGIT_SOFTCAP=12,LOG_CODE_SNAPSHOT=0,LOG_NVIDIA_SMI=1,LOSS_FP32=1,LQER_ASYM_ENABLED=1,LQER_ASYM_GROUP=64,LQER_ENABLED=1,LQER_EXCLUDE_PATTERNS=tok_emb.weight,lm_head.weight,token_smear,attn_gate_w,attn_out_gate,vocab_moe,dual_stream,LQER_INCLUDE_PATTERNS=blocks.,embed_proj,LQER_RANK=10,LQER_TOP_K=20,LR_MIN_SCALE=0.1,LR_WARMDOWN_STYLE=cosine,MATRIX_LR=0.0016,MAX_WALLCLOCK_SECONDS=600,MLP_MULT=2.0,MODEL_CODEC=lzma,MODEL_CODEC_LEVEL=9,MODEL_DIM=704,MODEL_FAMILY=hrc,MUON_BACKEND_STEPS=5,MUON_DTYPE=fp32,MUON_NS_VARIANT=polar_express,MUON_WEIGHT_DECAY=0.0,MUON_WEIGHT_DECAY_HUBER_DELTA_SCALE=3.0,MUON_WEIGHT_DECAY_MODE=huber,NUM_HEADS=11,NUM_KV_HEADS=1,NUM_UNIQUE_BLOCKS=8,PARALLEL_RESIDUAL_LAST_N=2,PARAM_DTYPE=fp32,POST_STEP_ZERO_GRAD=0,QK_GAIN_INIT=5.5,QUANT_BITS_OVERRIDES=blocks.0.:16,blocks.1.:8,blocks.2.:8,QUANT_FORCE_PATTERNS=vocab_moe.token_prior.weight,vocab_moe.down,vocab_moe.up,QUANT_INT8_PROMOTE_PATTERNS=tok_emb.weight,lm_head.weight,embed_proj,QUANT_TRAIN_MODE=none,QUANT_WEIGHT_BITS=8,SAVE_RAW_MODEL=0,SCALAR_LR=0.0016,SDP_BACKEND=auto,SKIP_FINAL_ARTIFACTS=0,SKIP_INITIAL_VAL=1,SMEAR_GATE_ENABLED=1,SMEAR_GATE_WIDTH=12,SUBMISSION_SIZE_CAP_BYTES=16000000,TIED_EMBED_LR=0.002,TRAIN_ABORT_ON_NONFINITE=0,TRAIN_BATCH_TOKENS=524288,TRAIN_DEBUG_NONFINITE=0,TRAIN_FUSED_QKV=1,TRAIN_LOG_EVERY=250,TRAIN_QUANT_EMBEDDINGS=1,TRAIN_QUANT_FORWARD=1,TRAIN_SEQ_LEN=1024,USE_GRAD_SCALER=1,VAL_BATCH_SIZE=524288,VAL_LOSS_EVERY=0,VAL_TOKENS_LIMIT=47872,VE_ENABLED=0,VOCAB_MOE_ACTIVATION=relu2,VOCAB_MOE_DOWN_INIT_STD=0.02,VOCAB_MOE_ENABLED=1,VOCAB_MOE_EXPERTS=16,VOCAB_MOE_LAYERS=input,loop_first,VOCAB_MOE_MODE=hybrid,VOCAB_MOE_PRIOR_INIT_STD=0,VOCAB_MOE_RANK=2,VOCAB_MOE_SCALE_INIT=0.05,VOCAB_MOE_SITE_BIAS_ENABLED=1,VOCAB_MOE_SITE_SCALE_ENABLED=1,VOCAB_MOE_SITE_SCALE_INIT=1.0,VOCAB_MOE_SPIKE_NORMALIZE=1,VOCAB_MOE_SPIKE_STE=1,VOCAB_MOE_SPIKE_TOP_K=0,VOCAB_MOE_TEMPERATURE=1,VOCAB_MOE_TRAIN_QUANT_BITS=8,VOCAB_MOE_UP_INIT_STD=0.001,WARMDOWN_ITERS=2200,WARMUP_STEPS=0",,,,,,,,,,,,,,"| Processes:                                                                              |
|  GPU   GI   CI              PID   Type   Process name                        GPU Memory |
|        ID   ID                                                               Usage      |
|=========================================================================================|
|    0   N/A  N/A           44371      C   /usr/local/bin/python                  1176MiB |
+-----------------------------------------------------------------------------------------+

====================================================================================================
val_bpb:byte_sidecar tokenizer_kind=sentencepiece tokenizer_path=/workspace/parameter-golf-novel-8x-ready/upstream_records/records/track_10min_16mb/2026-04-18_PR1626_CaseOps_Taper/tokenizers/fineweb_8192_bpe_lossless_caps_caseops_v1_reserved.model
train_loader:dataset:fineweb10B_sp8192_lossless_caps_caseops_v1_reserved train_shards:1
val_loader:shards pattern=/workspace/parameter-golf-novel-8x-ready/upstream_records/records/track_10min_16mb/2026-04-18_PR1626_CaseOps_Taper/datasets/fineweb10B_sp8192_lossless_caps_caseops_v1_reserved/fineweb_val_*.bin tokens:4096
WARNING: using VAL_TOKENS_LIMIT=4096 (effective_tokens:4096) for local proxy evaluation"
break_bigram_sidefeat_d704e704,1,45,1,1,4096,1,0,46.079,train_break_bigram_sidefeat_d704e704.txt,break_bigram_sidefeat_d704e704_20260430_200618,"ATTN_OUT_GATE_ENABLED=1,ATTN_OUT_GATE_WIDTH=24,BIGRAM_DIM=32,BIGRAM_INIT_STD=0.02,BIGRAM_SCALE_INIT=0.05,BIGRAM_VOCAB_SIZE=10240,DISABLE_COMPILE=1,EFFECTIVE_DEPTH=16,FACTORED_EMBED_DIM=704,FAIL_ON_ARTIFACT_CAP=0,GRAD_ACCUM_STEPS=0,GRAD_CLIP_NORM=1.0,H100_1X_TRAIN_BATCH_TOKENS=32768,H100_1X_VAL_BATCH_SIZE=32768,HRC_DEPTH_ADAPTER_TIE_MODE=block,HRC_DEPTH_SCHEDULE_MODE=transition_recursive_cycle,HRC_FROZEN_CARRY_BLOCKS=,HRC_FROZEN_CARRY_ENABLED=0,HRC_LOOP_INDEX_ENABLED=1,HRC_MLP_ONLY_BLOCKS=4,5,6,7,HRC_PASS_EMBED_ENABLED=1,HRC_PASS_EMBED_MODE=block_peer,HRC_PASS_ROLE_MODE=phase5,HRC_RECURSIVE_CORE_START=3,HRC_RECUR_INJECT_ENABLED=1,HRC_ROUTE_PHASE_ENABLED=0,HRC_ROUTE_REPEATS=2,ITERATIONS=1000000,LOGIT_SOFTCAP=12,LOG_CODE_SNAPSHOT=0,LOG_NVIDIA_SMI=1,LOSS_FP32=1,LQER_ASYM_ENABLED=1,LQER_ASYM_GROUP=64,LQER_ENABLED=1,LQER_EXCLUDE_PATTERNS=tok_emb.weight,lm_head.weight,token_smear,attn_gate_w,attn_out_gate,vocab_moe,dual_stream,bigram,LQER_INCLUDE_PATTERNS=blocks.,embed_proj,LQER_RANK=10,LQER_TOP_K=20,LR_MIN_SCALE=0.1,LR_WARMDOWN_STYLE=cosine,MATRIX_LR=0.0016,MAX_WALLCLOCK_SECONDS=600,MLP_MULT=2.0,MODEL_CODEC=lzma,MODEL_CODEC_LEVEL=9,MODEL_DIM=704,MODEL_FAMILY=hrc,MUON_BACKEND_STEPS=5,MUON_DTYPE=fp32,MUON_NS_VARIANT=polar_express,MUON_WEIGHT_DECAY=0.0,MUON_WEIGHT_DECAY_HUBER_DELTA_SCALE=3.0,MUON_WEIGHT_DECAY_MODE=huber,NUM_HEADS=11,NUM_KV_HEADS=1,NUM_UNIQUE_BLOCKS=8,PARALLEL_RESIDUAL_LAST_N=2,PARAM_DTYPE=fp32,POST_STEP_ZERO_GRAD=0,QK_GAIN_INIT=5.5,QUANT_FORCE_PATTERNS=vocab_moe.token_prior.weight,vocab_moe.down,vocab_moe.up,QUANT_INT8_PROMOTE_PATTERNS=tok_emb.weight,lm_head.weight,embed_proj,QUANT_TRAIN_MODE=none,QUANT_WEIGHT_BITS=8,SAVE_RAW_MODEL=0,SCALAR_LR=0.0016,SDP_BACKEND=auto,SKIP_FINAL_ARTIFACTS=0,SKIP_INITIAL_VAL=1,SMEAR_GATE_ENABLED=1,SMEAR_GATE_WIDTH=12,SUBMISSION_SIZE_CAP_BYTES=16000000,TIED_EMBED_LR=0.002,TRAIN_ABORT_ON_NONFINITE=0,TRAIN_BATCH_TOKENS=524288,TRAIN_DEBUG_NONFINITE=0,TRAIN_FUSED_QKV=1,TRAIN_LOG_EVERY=250,TRAIN_QUANT_EMBEDDINGS=1,TRAIN_QUANT_FORWARD=1,TRAIN_SEQ_LEN=1024,USE_GRAD_SCALER=1,VAL_BATCH_SIZE=524288,VAL_LOSS_EVERY=0,VAL_TOKENS_LIMIT=47872,VOCAB_MOE_ACTIVATION=relu2,VOCAB_MOE_DOWN_INIT_STD=0.02,VOCAB_MOE_ENABLED=1,VOCAB_MOE_EXPERTS=16,VOCAB_MOE_LAYERS=input,loop_first,VOCAB_MOE_MODE=hybrid,VOCAB_MOE_PRIOR_INIT_STD=0,VOCAB_MOE_RANK=2,VOCAB_MOE_SCALE_INIT=0.05,VOCAB_MOE_SITE_BIAS_ENABLED=1,VOCAB_MOE_SITE_SCALE_ENABLED=1,VOCAB_MOE_SITE_SCALE_INIT=1.0,VOCAB_MOE_SPIKE_NORMALIZE=1,VOCAB_MOE_SPIKE_STE=1,VOCAB_MOE_SPIKE_TOP_K=0,VOCAB_MOE_TEMPERATURE=1,VOCAB_MOE_TRAIN_QUANT_BITS=8,VOCAB_MOE_UP_INIT_STD=0.001,WARMDOWN_ITERS=2200,WARMUP_STEPS=0",1,1,780.62,9.0039,8.76476288,3.93417609,8.7648,3.9342,6678968,7013570,8986430,16787,17994,
